data,prezzo_eur_mwh
2020-01-02,12.8000
2020-01-03,12.7554
2020-01-04,12.9427
2020-01-05,13.0886
2020-01-06,13.5000
2020-01-07,14.2662
2020-01-08,13.9782
2020-01-09,14.1911
2020-01-10,14.1515
2020-01-11,13.5139
2020-01-12,13.2000
2020-01-13,14.5538
2020-01-14,14.6923
2020-01-15,13.7411
2020-01-16,13.5395
2020-01-17,13.4306
2020-01-18,13.0170
2020-01-19,12.9394
2020-01-20,13.3492
2020-01-21,13.1422
2020-01-22,13.2623
2020-01-23,13.1638
2020-01-24,13.1322
2020-01-25,12.7657
2020-01-26,12.2036
2020-01-27,13.2167
2020-01-28,12.8024
2020-01-29,12.2003
2020-01-30,11.9776
2020-01-31,11.4540
2020-02-01,11.0835
2020-02-02,10.5000
2020-02-03,11.4069
2020-02-04,10.7417
2020-02-05,11.4378
2020-02-06,11.5550
2020-02-07,10.9541
2020-02-08,10.5804
2020-02-09,10.3977
2020-02-10,10.8408
2020-02-11,10.3560
2020-02-12,10.3974
2020-02-13,10.4820
2020-02-14,10.3545
2020-02-15,10.1754
2020-02-16,10.0563
2020-02-17,10.4947
2020-02-18,10.6722
2020-02-19,11.0605
2020-02-20,10.9346
2020-02-21,11.0272
2020-02-22,10.9976
2020-02-23,10.7000
2020-02-24,11.0000
2020-02-25,10.3649
2020-02-26,10.3531
2020-02-27,10.6220
2020-02-28,10.5096
2020-02-29,10.1425
2020-03-01,10.1545
2020-03-02,10.5170
2020-03-03,11.1087
2020-03-04,12.0575
2020-03-05,11.9960
2020-03-06,10.5697
2020-03-07,10.3530
2020-03-08,10.1101
2020-03-09,10.5000
2020-03-10,10.3869
2020-03-11,10.7885
2020-03-12,10.7847
2020-03-13,10.3121
2020-03-14,10.1988
2020-03-15,9.9942
2020-03-16,9.9668
2020-03-17,9.4560
2020-03-18,9.5367
2020-03-19,9.3591
2020-03-20,9.5707
2020-03-21,9.3613
2020-03-22,9.5852
2020-03-23,10.1386
2020-03-24,9.8638
2020-03-25,9.6609
2020-03-26,9.6088
2020-03-27,9.4218
2020-03-28,9.0934
2020-03-29,8.7364
2020-03-30,8.9002
2020-03-31,8.6726
2020-04-01,9.5480
2020-04-02,9.6070
2020-04-03,9.2545
2020-04-04,8.6910
2020-04-05,9.0410
2020-04-06,8.8842
2020-04-07,9.2578
2020-04-08,9.4455
2020-04-09,9.0359
2020-04-10,8.5661
2020-04-11,8.1826
2020-04-12,8.2986
2020-04-13,8.5500
2020-04-14,8.6620
2020-04-15,8.5597
2020-04-16,8.5466
2020-04-17,8.8876
2020-04-18,8.5652
2020-04-19,8.5354
2020-04-20,9.1333
2020-04-21,8.7008
2020-04-22,8.6335
2020-04-23,8.2802
2020-04-24,7.9317
2020-04-25,8.0355
2020-04-26,8.3000
2020-04-27,8.7702
2020-04-28,8.4527
2020-04-29,8.3333
2020-04-30,8.1977
2020-05-01,7.4754
2020-05-02,6.8500
2020-05-03,6.6871
2020-05-04,7.6227
2020-05-05,7.4879
2020-05-06,7.3751
2020-05-07,7.4208
2020-05-08,7.0368
2020-05-09,6.9988
2020-05-10,7.0600
2020-05-11,7.2795
2020-05-12,7.3733
2020-05-13,7.0569
2020-05-14,6.6907
2020-05-15,6.7370
2020-05-16,6.4966
2020-05-17,6.2120
2020-05-18,6.7083
2020-05-19,6.5826
2020-05-20,6.3126
2020-05-21,6.1604
2020-05-22,5.2949
2020-05-23,5.3819
2020-05-24,5.9500
2020-05-25,6.0000
2020-05-26,6.7765
2020-05-27,6.2476
2020-05-28,6.0982
2020-05-29,6.0735
2020-05-30,5.8585
2020-05-31,5.5196
2020-06-01,5.2252
2020-06-02,4.6450
2020-06-03,5.0564
2020-06-04,5.7512
2020-06-05,5.7361
2020-06-06,5.7115
2020-06-07,5.6881
2020-06-08,5.9000
2020-06-09,6.3047
2020-06-10,6.0671
2020-06-11,5.7976
2020-06-12,5.7481
2020-06-13,5.6905
2020-06-14,5.7600
2020-06-15,6.2709
2020-06-16,6.9356
2020-06-17,6.8102
2020-06-18,6.8414
2020-06-19,6.3653
2020-06-20,5.8500
2020-06-21,5.5000
2020-06-22,6.4000
2020-06-23,6.1988
2020-06-24,6.6324
2020-06-25,7.0317
2020-06-26,6.4130
2020-06-27,5.5562
2020-06-28,6.5000
2020-06-29,6.1436
2020-06-30,6.5631
2020-07-01,7.3857
2020-07-02,6.7963
2020-07-03,6.4575
2020-07-04,6.1770
2020-07-05,5.6000
2020-07-06,6.3000
2020-07-07,6.4155
2020-07-08,6.8186
2020-07-09,6.9014
2020-07-10,6.7126
2020-07-11,5.8605
2020-07-12,5.4400
2020-07-13,6.4000
2020-07-14,6.5406
2020-07-15,6.4480
2020-07-16,6.8175
2020-07-17,6.4567
2020-07-18,6.1500
2020-07-19,6.1862
2020-07-20,6.6391
2020-07-21,6.3366
2020-07-22,6.3847
2020-07-23,6.3438
2020-07-24,6.6014
2020-07-25,6.2618
2020-07-26,5.7892
2020-07-27,6.5050
2020-07-28,6.6344
2020-07-29,6.7620
2020-07-30,6.7947
2020-07-31,6.6237
2020-08-01,6.2314
2020-08-02,6.5000
2020-08-03,6.8278
2020-08-04,8.0074
2020-08-05,8.8011
2020-08-06,8.3041
2020-08-07,8.8126
2020-08-08,7.9336
2020-08-09,7.7500
2020-08-10,8.5000
2020-08-11,8.3967
2020-08-12,8.0796
2020-08-13,8.0388
2020-08-14,8.0632
2020-08-15,7.1317
2020-08-16,7.2167
2020-08-17,8.0000
2020-08-18,8.4551
2020-08-19,9.0077
2020-08-20,8.5470
2020-08-21,8.0620
2020-08-22,7.3021
2020-08-23,6.7805
2020-08-24,7.6000
2020-08-25,8.5647
2020-08-26,9.4352
2020-08-27,10.0964
2020-08-28,9.8564
2020-08-29,10.4825
2020-08-30,9.8000
2020-08-31,11.1419
2020-09-01,11.7116
2020-09-02,11.7721
2020-09-03,11.9931
2020-09-04,12.2986
2020-09-05,12.0911
2020-09-06,11.2281
2020-09-07,12.5446
2020-09-08,12.3121
2020-09-09,11.4890
2020-09-10,11.6742
2020-09-11,11.3702
2020-09-12,10.5259
2020-09-13,10.3000
2020-09-14,10.5237
2020-09-15,11.0294
2020-09-16,11.0196
2020-09-17,11.5323
2020-09-18,11.2790
2020-09-19,10.8302
2020-09-20,10.4827
2020-09-21,11.2500
2020-09-22,11.6263
2020-09-23,11.8064
2020-09-24,11.9713
2020-09-25,11.6372
2020-09-27,10.3500
2020-09-28,11.4490
2020-09-29,12.5419
2020-09-30,12.9431
2020-10-01,12.1194
2020-10-02,12.4195
2020-10-03,11.0009
2020-10-04,11.2279
2020-10-05,12.6347
2020-10-06,12.6477
2020-10-07,12.5471
2020-10-08,12.7088
2020-10-09,12.4933
2020-10-10,12.1259
2020-10-11,12.2759
2020-10-12,13.1200
2020-10-13,14.0195
2020-10-14,13.5686
2020-10-15,13.7702
2020-10-16,13.9188
2020-10-17,13.6950
2020-10-18,13.9792
2020-10-19,14.3182
2020-10-20,14.9662
2020-10-21,14.9003
2020-10-22,14.7336
2020-10-23,14.9636
2020-10-24,14.2248
2020-10-25,14.0000
2020-10-26,14.8510
2020-10-27,14.6184
2020-10-28,14.2078
2020-10-29,13.8216
2020-10-30,13.6118
2020-10-31,13.2159
2020-11-01,13.1570
2020-11-02,13.8526
2020-11-03,13.6186
2020-11-04,13.5550
2020-11-05,13.5007
2020-11-06,13.5547
2020-11-07,13.0648
2020-11-08,13.3304
2020-11-09,13.4250
2020-11-10,13.5368
2020-11-11,13.8243
2020-11-12,14.0488
2020-11-13,13.9168
2020-11-14,14.0167
2020-11-15,13.9383
2020-11-16,13.7000
2020-11-17,14.0399
2020-11-18,13.7211
2020-11-19,13.6811
2020-11-20,13.5988
2020-11-21,13.2845
2020-11-22,13.3510
2020-11-23,13.8170
2020-11-24,14.1852
2020-11-25,14.1344
2020-11-26,14.3463
2020-11-27,14.2942
2020-11-28,14.4288
2020-11-29,14.8000
2020-11-30,15.3042
2020-12-01,15.7641
2020-12-02,16.3271
2020-12-03,16.1285
2020-12-04,15.9695
2020-12-05,14.9954
2020-12-06,14.8701
2020-12-07,15.6441
2020-12-08,14.8503
2020-12-09,15.1443
2020-12-10,15.5703
2020-12-11,16.1519
2020-12-12,16.5292
2020-12-13,16.3400
2020-12-14,17.5630
2020-12-15,17.5493
2020-12-16,17.3562
2020-12-17,17.3492
2020-12-18,16.3703
2020-12-19,16.1715
2020-12-20,15.6315
2020-12-21,16.3920
2020-12-22,17.0554
2020-12-23,17.9096
2020-12-24,16.6454
2020-12-25,16.1390
2020-12-26,16.0753
2020-12-27,17.3540
2020-12-28,17.8872
2020-12-29,19.1663
2020-12-30,18.5091
2020-12-31,17.5436
2021-01-01,16.8682
2021-01-02,16.7251
2021-01-03,16.6975
2021-01-04,17.3173
2021-01-05,19.1632
2021-01-06,17.7485
2021-01-07,18.8554
2021-01-08,20.4230
2021-01-09,19.4450
2021-01-10,18.9436
2021-01-11,24.1749
2021-01-12,26.7311
2021-01-13,27.8258
2021-01-14,22.2681
2021-01-15,21.8515
2021-01-16,19.8330
2021-01-17,17.8907
2021-01-18,22.0245
2021-01-19,20.5764
2021-01-20,20.9288
2021-01-21,20.4911
2021-01-22,18.8780
2021-01-23,18.6881
2021-01-24,18.3829
2021-01-25,20.4775
2021-01-26,20.2085
2021-01-27,19.6440
2021-01-28,19.1656
2021-01-29,18.6981
2021-01-30,18.2444
2021-01-31,17.9500
2021-02-01,20.6449
2021-02-02,18.6784
2021-02-03,19.4323
2021-02-04,18.2397
2021-02-05,17.6300
2021-02-06,17.9493
2021-02-07,17.9133
2021-02-08,19.9295
2021-02-09,19.5350
2021-02-10,19.5074
2021-02-11,20.4250
2021-02-12,19.5255
2021-02-13,19.3318
2021-02-14,20.0363
2021-02-15,21.2830
2021-02-16,18.9892
2021-02-17,18.0783
2021-02-18,18.1168
2021-02-19,17.9845
2021-02-20,17.1000
2021-02-21,16.2979
2021-02-22,17.1164
2021-02-23,16.6509
2021-02-24,16.7172
2021-02-25,16.5759
2021-02-26,16.5641
2021-02-27,15.8916
2021-02-28,15.9340
2021-03-01,17.0094
2021-03-02,16.9593
2021-03-03,16.6567
2021-03-04,16.4094
2021-03-05,16.6012
2021-03-06,17.1000
2021-03-07,17.1908
2021-03-08,17.9389
2021-03-09,17.5795
2021-03-10,17.7975
2021-03-11,18.2233
2021-03-12,18.4407
2021-03-13,18.7072
2021-03-14,18.6808
2021-03-15,18.8729
2021-03-16,18.9801
2021-03-17,18.2569
2021-03-18,18.5591
2021-03-19,18.9238
2021-03-20,18.5137
2021-03-21,18.3433
2021-03-22,18.9727
2021-03-23,19.1851
2021-03-24,19.4243
2021-03-25,19.5042
2021-03-26,19.3884
2021-03-27,19.3399
2021-03-28,18.9938
2021-03-29,19.0000
2021-03-30,18.9402
2021-03-31,18.9123
2021-04-01,19.0732
2021-04-02,19.2772
2021-04-03,18.4229
2021-04-04,17.7869
2021-04-05,17.9313
2021-04-06,20.2371
2021-04-07,21.2823
2021-04-08,21.4450
2021-04-09,20.6069
2021-04-10,20.3811
2021-04-11,21.1873
2021-04-12,21.6382
2021-04-13,22.9213
2021-04-14,22.9575
2021-04-15,22.8831
2021-04-16,22.8606
2021-04-17,22.5763
2021-04-18,22.3661
2021-04-19,23.2170
2021-04-20,23.4867
2021-04-21,23.0816
2021-04-22,22.6913
2021-04-23,22.7929
2021-04-24,20.5445
2021-04-25,19.5070
2021-04-26,22.9338
2021-04-27,23.3048
2021-04-28,22.9224
2021-04-29,22.8741
2021-04-30,23.3267
2021-05-01,23.4282
2021-05-02,23.1272
2021-05-03,24.8590
2021-05-04,25.8834
2021-05-05,25.1524
2021-05-06,25.2272
2021-05-07,25.8015
2021-05-08,24.6255
2021-05-09,24.6694
2021-05-10,25.3000
2021-05-11,26.3958
2021-05-12,26.5791
2021-05-13,27.3034
2021-05-14,26.2711
2021-05-15,25.8646
2021-05-16,25.9684
2021-05-17,27.5088
2021-05-18,27.4219
2021-05-19,26.5994
2021-05-20,23.7079
2021-05-21,24.7938
2021-05-22,24.0584
2021-05-23,23.8033
2021-05-24,25.4125
2021-05-25,25.7945
2021-05-26,26.8683
2021-05-27,27.6997
2021-05-28,26.4965
2021-05-29,24.8031
2021-05-30,24.5727
2021-05-31,26.2176
2021-06-01,25.0014
2021-06-02,24.6274
2021-06-03,24.8599
2021-06-04,25.1737
2021-06-05,25.1235
2021-06-06,24.9476
2021-06-07,26.1004
2021-06-08,26.0714
2021-06-09,27.5245
2021-06-10,27.3870
2021-06-11,27.1899
2021-06-12,26.2744
2021-06-13,26.5152
2021-06-14,27.6500
2021-06-15,28.3682
2021-06-16,27.9414
2021-06-17,28.1438
2021-06-18,28.0261
2021-06-19,28.1695
2021-06-20,29.0000
2021-06-21,29.9000
2021-06-22,30.2925
2021-06-23,30.7673
2021-06-24,31.7590
2021-06-25,31.7305
2021-06-26,31.1263
2021-06-27,30.4746
2021-06-28,32.0618
2021-06-29,32.3205
2021-06-30,33.8891
2021-07-01,35.9556
2021-07-02,36.3216
2021-07-03,34.9036
2021-07-04,33.6000
2021-07-05,35.4912
2021-07-06,36.6461
2021-07-07,34.5856
2021-07-08,33.6904
2021-07-09,32.7057
2021-07-10,34.7357
2021-07-11,34.7020
2021-07-12,36.3315
2021-07-13,35.5892
2021-07-14,35.2386
2021-07-15,34.5960
2021-07-16,33.8563
2021-07-17,33.5514
2021-07-18,33.7000
2021-07-19,34.5901
2021-07-20,35.9143
2021-07-21,34.8617
2021-07-22,35.8585
2021-07-23,35.7802
2021-07-24,34.0703
2021-07-25,33.5760
2021-07-26,35.0373
2021-07-27,36.7358
2021-07-28,37.4147
2021-07-29,38.8748
2021-07-30,40.0315
2021-07-31,37.5997
2021-08-01,38.3571
2021-08-02,38.9950
2021-08-03,40.7132
2021-08-04,40.7105
2021-08-05,40.5177
2021-08-06,39.9915
2021-08-07,40.7083
2021-08-08,39.9200
2021-08-09,40.5455
2021-08-10,40.7045
2021-08-11,42.3795
2021-08-12,43.4142
2021-08-13,43.9442
2021-08-14,42.6230
2021-08-15,41.7197
2021-08-16,42.6500
2021-08-17,45.5883
2021-08-18,45.2181
2021-08-19,44.1197
2021-08-20,39.4073
2021-08-21,39.5606
2021-08-22,40.0000
2021-08-23,40.3000
2021-08-24,41.3809
2021-08-25,44.1375
2021-08-26,45.1929
2021-08-27,45.1959
2021-08-28,45.2556
2021-08-29,45.0000
2021-08-30,46.8000
2021-08-31,49.1341
2021-09-01,49.2074
2021-09-02,51.2117
2021-09-03,51.3979
2021-09-04,50.6815
2021-09-05,49.9520
2021-09-06,54.0000
2021-09-07,52.6600
2021-09-08,53.0798
2021-09-09,54.7995
2021-09-10,56.2286
2021-09-11,56.8502
2021-09-12,55.9770
2021-09-13,58.1393
2021-09-14,61.7992
2021-09-15,66.0745
2021-09-16,72.5409
2021-09-17,63.9484
2021-09-18,62.5760
2021-09-19,61.5742
2021-09-20,64.3000
2021-09-21,71.9239
2021-09-22,72.5555
2021-09-23,70.0807
2021-09-24,68.8737
2021-09-25,67.2724
2021-09-26,65.8052
2021-09-27,68.4974
2021-09-28,75.9305
2021-09-29,80.8511
2021-09-30,81.9002
2021-10-01,90.1578
2021-10-02,48.7083
2021-10-03,67.1061
2021-10-04,80.8571
2021-10-05,92.4671
2021-10-06,109.1693
2021-10-07,116.6475
2021-10-08,97.0787
2021-10-09,90.9176
2021-10-10,80.3074
2021-10-11,89.0000
2021-10-12,84.5859
2021-10-13,83.7503
2021-10-14,89.2386
2021-10-15,96.8959
2021-10-16,93.1204
2021-10-17,87.4087
2021-10-18,92.7196
2021-10-19,95.6423
2021-10-20,89.7132
2021-10-21,90.6105
2021-10-22,87.6501
2021-10-23,85.5384
2021-10-24,86.8650
2021-10-25,88.6869
2021-10-26,89.4226
2021-10-27,88.4831
2021-10-28,86.4801
2021-10-29,78.0086
2021-10-30,67.2011
2021-10-31,67.8000
2021-11-01,65.8779
2021-11-02,64.9071
2021-11-03,67.3762
2021-11-04,75.0295
2021-11-05,73.5357
2021-11-06,70.4455
2021-11-07,70.9557
2021-11-08,70.6149
2021-11-09,77.7890
2021-11-10,74.1245
2021-11-11,66.7505
2021-11-12,71.8481
2021-11-13,73.8101
2021-11-14,73.0541
2021-11-15,75.0000
2021-11-16,78.9129
2021-11-17,88.9503
2021-11-18,97.6663
2021-11-19,91.9715
2021-11-20,86.1019
2021-11-21,84.7500
2021-11-22,86.2953
2021-11-23,83.9060
2021-11-24,91.5767
2021-11-25,93.3972
2021-11-26,94.1869
2021-11-27,89.7294
2021-11-28,86.9398
2021-11-29,91.2954
2021-11-30,95.5916
2021-12-01,99.9397
2021-12-02,97.7477
2021-12-03,94.9499
2021-12-04,93.9574
2021-12-05,88.9997
2021-12-06,95.4420
2021-12-07,92.9163
2021-12-08,97.5220
2021-12-09,103.7552
2021-12-10,104.4906
2021-12-11,107.7500
2021-12-12,112.8378
2021-12-13,111.2618
2021-12-14,119.2908
2021-12-15,125.0616
2021-12-16,130.9252
2021-12-17,136.9561
2021-12-18,137.5310
2021-12-19,140.8000
2021-12-20,155.6972
2021-12-21,154.8357
2021-12-22,183.7749
2021-12-23,178.9858
2021-12-24,138.0525
2021-12-25,101.4192
2021-12-26,83.6783
2021-12-27,85.8987
2021-12-28,94.9667
2021-12-29,95.5269
2021-12-30,92.0370
2021-12-31,78.2229
2022-01-01,62.2705
2022-01-02,50.3571
2022-01-03,63.6256
2022-01-04,73.0479
2022-01-05,92.1286
2022-01-06,91.1579
2022-01-07,95.5737
2022-01-08,90.7716
2022-01-09,84.2641
2022-01-10,91.7499
2022-01-11,91.5134
2022-01-12,87.7017
2022-01-13,86.9082
2022-01-14,87.3774
2022-01-15,91.2929
2022-01-16,87.7723
2022-01-17,92.9442
2022-01-18,84.0840
2022-01-19,82.1307
2022-01-20,78.9858
2022-01-21,78.9546
2022-01-22,82.3416
2022-01-23,83.9374
2022-01-24,87.3987
2022-01-25,98.1775
2022-01-26,98.1105
2022-01-27,95.0579
2022-01-28,95.0065
2022-01-29,92.9383
2022-01-30,92.2425
2022-01-31,95.4714
2022-02-01,88.1311
2022-02-02,78.3408
2022-02-03,80.3233
2022-02-04,81.3626
2022-02-05,82.0359
2022-02-06,79.1643
2022-02-07,83.9632
2022-02-08,80.9883
2022-02-09,82.8033
2022-02-10,79.6761
2022-02-11,77.2467
2022-02-12,79.4251
2022-02-13,79.3948
2022-02-14,82.5000
2022-02-15,84.2855
2022-02-16,76.3019
2022-02-17,71.8250
2022-02-18,73.9935
2022-02-19,73.0000
2022-02-20,73.4405
2022-02-21,74.9721
2022-02-22,74.4687
2022-02-23,79.9941
2022-02-24,88.1001
2022-02-25,124.5656
2022-02-26,94.9402
2022-02-27,95.0540
2022-02-28,107.8545
2022-03-01,105.8956
2022-03-02,116.7222
2022-03-03,165.6895
2022-03-04,164.7730
2022-03-05,190.9058
2022-03-06,187.6050
2022-03-07,197.2500
2022-03-08,238.7728
2022-03-09,209.0877
2022-03-10,159.5766
2022-03-11,132.0784
2022-03-12,125.4230
2022-03-13,118.0558
2022-03-14,124.5660
2022-03-15,115.5924
2022-03-16,116.0466
2022-03-17,103.6574
2022-03-18,103.4571
2022-03-19,95.2640
2022-03-20,92.2422
2022-03-21,101.4000
2022-03-22,96.5502
2022-03-23,95.0056
2022-03-24,106.0716
2022-03-25,111.7029
2022-03-26,97.2233
2022-03-27,88.3780
2022-03-28,90.1273
2022-03-29,100.4498
2022-03-30,109.4655
2022-03-31,117.8292
2022-04-01,121.1141
2022-04-02,115.5032
2022-04-03,120.7451
2022-04-04,124.8103
2022-04-05,113.3328
2022-04-06,111.2252
2022-04-07,108.6839
2022-04-08,103.8592
2022-04-09,103.9069
2022-04-10,106.4930
2022-04-11,108.6770
2022-04-12,106.8897
2022-04-13,107.4794
2022-04-14,108.7949
2022-04-15,100.8621
2022-04-16,92.6545
2022-04-17,90.5977
2022-04-18,89.0130
2022-04-19,93.3237
2022-04-20,99.2936
2022-04-21,101.2842
2022-04-22,101.5379
2022-04-23,99.2095
2022-04-24,101.5163
2022-04-25,102.9969
2022-04-26,100.5950
2022-04-27,96.8793
2022-04-28,108.5797
2022-04-29,101.5920
2022-04-30,96.8533
2022-05-01,87.1242
2022-05-02,90.8369
2022-05-03,98.5847
2022-05-04,99.6290
2022-05-05,103.6167
2022-05-06,101.8156
2022-05-07,93.4148
2022-05-08,93.7720
2022-05-09,96.6330
2022-05-10,92.1975
2022-05-11,88.7830
2022-05-12,91.6996
2022-05-13,98.5349
2022-05-14,91.3102
2022-05-15,91.5000
2022-05-16,96.9784
2022-05-17,94.8702
2022-05-18,94.7998
2022-05-19,96.6060
2022-05-20,94.7256
2022-05-21,87.3502
2022-05-22,80.1982
2022-05-23,82.1594
2022-05-24,83.0358
2022-05-25,84.1120
2022-05-26,84.5833
2022-05-27,84.1633
2022-05-28,85.8781
2022-05-29,85.8566
2022-05-30,89.0000
2022-05-31,90.3909
2022-06-01,91.3791
2022-06-02,81.9891
2022-06-03,82.4042
2022-06-04,78.4311
2022-06-05,80.6708
2022-06-06,83.9973
2022-06-07,81.0082
2022-06-08,78.9060
2022-06-09,78.0925
2022-06-10,83.9622
2022-06-11,81.1029
2022-06-12,77.4023
2022-06-13,77.0713
2022-06-14,82.2320
2022-06-15,92.4700
2022-06-16,109.2780
2022-06-17,132.7351
2022-06-18,118.7244
2022-06-19,110.7739
2022-06-20,117.9288
2022-06-21,123.2687
2022-06-22,124.5103
2022-06-23,128.8125
2022-06-24,135.5990
2022-06-25,133.3716
2022-06-26,132.0379
2022-06-27,138.2430
2022-06-28,136.4904
2022-06-29,135.6537
2022-06-30,144.3666
2022-07-01,155.4542
2022-07-02,150.8070
2022-07-03,151.4128
2022-07-04,156.9297
2022-07-05,173.5641
2022-07-06,180.6691
2022-07-07,173.7016
2022-07-08,187.1921
2022-07-09,177.2796
2022-07-10,161.7621
2022-07-11,164.8200
2022-07-12,175.9026
2022-07-13,177.7019
2022-07-14,186.6623
2022-07-15,181.2911
2022-07-16,166.1589
2022-07-17,161.5890
2022-07-18,166.0844
2022-07-19,165.8942
2022-07-20,166.3669
2022-07-21,164.9902
2022-07-22,156.0622
2022-07-23,168.5175
2022-07-24,170.5827
2022-07-25,173.5286
2022-07-26,175.4849
2022-07-27,204.0033
2022-07-28,216.0489
2022-07-29,210.0555
2022-07-30,194.8315
2022-07-31,194.5244
2022-08-01,195.2387
2022-08-02,202.5897
2022-08-03,207.2136
2022-08-04,205.3672
2022-08-05,200.2388
2022-08-06,198.7041
2022-08-07,197.8087
2022-08-08,201.3613
2022-08-09,195.7968
2022-08-10,190.6307
2022-08-11,202.0904
2022-08-12,209.2734
2022-08-13,202.4147
2022-08-14,199.8337
2022-08-15,201.4719
2022-08-16,211.9082
2022-08-17,234.4696
2022-08-18,231.3223
2022-08-19,232.8280
2022-08-20,238.5842
2022-08-21,243.1219
2022-08-22,249.6176
2022-08-23,282.2628
2022-08-24,270.8895
2022-08-25,287.7782
2022-08-26,312.4477
2022-08-27,304.0215
2022-08-28,267.3516
2022-08-29,274.7977
2022-08-30,279.1770
2022-08-31,260.3083
2022-09-01,252.1179
2022-09-02,230.5273
2022-09-03,197.6024
2022-09-04,207.1837
2022-09-05,216.4008
2022-09-06,232.0203
2022-09-07,219.0109
2022-09-08,216.7765
2022-09-09,200.7987
2022-09-10,194.1789
2022-09-11,186.4003
2022-09-12,194.5932
2022-09-13,188.6113
2022-09-14,191.1631
2022-09-15,210.8620
2022-09-16,208.3080
2022-09-17,165.0070
2022-09-18,158.9915
2022-09-19,164.9940
2022-09-20,166.1896
2022-09-21,171.3693
2022-09-22,185.4989
2022-09-23,175.5908
2022-09-24,162.6022
2022-09-25,154.3574
2022-09-26,172.9657
2022-09-27,153.8681
2022-09-28,134.7176
2022-09-29,158.6214
2022-09-30,163.8272
2022-10-01,146.9562
2022-10-02,162.6742
2022-10-03,162.2551
2022-10-04,139.5492
2022-10-05,108.9601
2022-10-06,98.3220
2022-10-07,129.6304
2022-10-08,110.7810
2022-10-09,67.0769
2022-10-10,94.6572
2022-10-11,107.0343
2022-10-12,108.3166
2022-10-13,107.9983
2022-10-14,97.0571
2022-10-15,68.3145
2022-10-16,66.2263
2022-10-17,75.6297
2022-10-18,66.1274
2022-10-19,64.9087
2022-10-20,73.0228
2022-10-21,65.8129
2022-10-22,41.8025
2022-10-23,19.9296
2022-10-24,27.9069
2022-10-25,33.5118
2022-10-26,40.4900
2022-10-27,52.5664
2022-10-28,38.1424
2022-10-29,29.9539
2022-10-30,31.0534
2022-10-31,65.8160
2022-11-01,38.2448
2022-11-02,27.1337
2022-11-03,51.3472
2022-11-04,76.9388
2022-11-05,57.9437
2022-11-06,51.5492
2022-11-07,60.8230
2022-11-08,65.8786
2022-11-09,91.4743
2022-11-10,96.3719
2022-11-11,83.2500
2022-11-12,62.6334
2022-11-13,70.5748
2022-11-14,81.8862
2022-11-15,107.2079
2022-11-16,117.6372
2022-11-17,102.5179
2022-11-18,99.2614
2022-11-19,97.2444
2022-11-20,97.0932
2022-11-21,104.8993
2022-11-22,111.0375
2022-11-23,115.4766
2022-11-24,124.5201
2022-11-25,121.2625
2022-11-26,113.2216
2022-11-27,115.0221
2022-11-28,127.6407
2022-11-29,124.3819
2022-11-30,133.4294
2022-12-01,146.0509
2022-12-02,146.2382
2022-12-03,131.2117
2022-12-04,131.7799
2022-12-05,143.1035
2022-12-06,138.9537
2022-12-07,139.9642
2022-12-08,146.1297
2022-12-09,142.6600
2022-12-10,134.3338
2022-12-11,144.5329
2022-12-12,148.9338
2022-12-13,140.7738
2022-12-14,142.9032
2022-12-15,135.1895
2022-12-16,135.9325
2022-12-17,112.3319
2022-12-18,106.7895
2022-12-19,108.9589
2022-12-20,106.9687
2022-12-21,104.8580
2022-12-22,95.1478
2022-12-23,86.8792
2022-12-24,78.7559
2022-12-25,75.4502
2022-12-26,77.2786
2022-12-27,82.5533
2022-12-28,79.3571
2022-12-29,75.7266
2022-12-30,77.8943
2022-12-31,71.5378
2023-01-01,71.1636
2023-01-02,72.3329
2023-01-03,72.4633
2023-01-04,72.6382
2023-01-05,67.6852
2023-01-06,65.4785
2023-01-07,68.1591
2023-01-08,69.5456
2023-01-09,69.5913
2023-01-10,74.6349
2023-01-11,73.4699
2023-01-12,69.6977
2023-01-13,70.7150
2023-01-14,66.1550
2023-01-15,64.4150
2023-01-16,65.0100
2023-01-17,59.1778
2023-01-18,63.4129
2023-01-19,67.0119
2023-01-20,66.6376
2023-01-21,69.6489
2023-01-22,73.3562
2023-01-23,73.5352
2023-01-24,72.5690
2023-01-25,66.1823
2023-01-26,63.0856
2023-01-27,62.6540
2023-01-28,61.6069
2023-01-29,59.9331
2023-01-30,60.3077
2023-01-31,60.8212
2023-02-01,62.0074
2023-02-02,62.8325
2023-02-03,59.5489
2023-02-04,59.0050
2023-02-05,60.6086
2023-02-06,66.8036
2023-02-07,63.2800
2023-02-08,61.1995
2023-02-09,59.0008
2023-02-10,58.5095
2023-02-11,57.4064
2023-02-12,58.0265
2023-02-13,57.3991
2023-02-14,55.9004
2023-02-15,56.4094
2023-02-16,57.6959
2023-02-17,56.1873
2023-02-18,51.2922
2023-02-19,51.5593
2023-02-20,51.7033
2023-02-21,52.9429
2023-02-22,51.3239
2023-02-23,51.7282
2023-02-24,51.4067
2023-02-25,50.6243
2023-02-26,51.5211
2023-02-27,56.1166
2023-02-28,52.9728
2023-03-01,51.8265
2023-03-02,52.3919
2023-03-03,51.6422
2023-03-04,47.9279
2023-03-05,47.0877
2023-03-06,49.5013
2023-03-07,44.9316
2023-03-08,45.9243
2023-03-09,43.4646
2023-03-10,41.3323
2023-03-11,49.0761
2023-03-12,48.5603
2023-03-13,50.0430
2023-03-14,51.1745
2023-03-15,47.4137
2023-03-16,45.6471
2023-03-17,46.3666
2023-03-18,45.2795
2023-03-19,42.4791
2023-03-20,44.1720
2023-03-21,43.3414
2023-03-22,44.3685
2023-03-23,44.4300
2023-03-24,45.2783
2023-03-25,42.8720
2023-03-26,41.3860
2023-03-27,43.1586
2023-03-28,45.8134
2023-03-29,46.5758
2023-03-30,45.6318
2023-03-31,43.5264
2023-04-01,44.9654
2023-04-02,47.0153
2023-04-03,48.7535
2023-04-04,52.1103
2023-04-05,51.3815
2023-04-06,51.3573
2023-04-07,47.8440
2023-04-08,44.0271
2023-04-09,43.1179
2023-04-10,44.2008
2023-04-11,46.7523
2023-04-12,49.0925
2023-04-13,48.9410
2023-04-14,46.9847
2023-04-15,43.7776
2023-04-16,43.9000
2023-04-17,47.2295
2023-04-18,46.9198
2023-04-19,47.2275
2023-04-20,45.9788
2023-04-21,45.5145
2023-04-22,43.3577
2023-04-23,41.4952
2023-04-24,41.8909
2023-04-25,38.2837
2023-04-26,42.2819
2023-04-27,41.5597
2023-04-28,40.2400
2023-04-29,39.7401
2023-04-30,36.8981
2023-05-01,38.6759
2023-05-02,43.3684
2023-05-03,42.6754
2023-05-04,40.3224
2023-05-05,39.1003
2023-05-06,35.2223
2023-05-07,38.7793
2023-05-08,41.7178
2023-05-09,41.5364
2023-05-10,40.6643
2023-05-11,39.0533
2023-05-12,38.1567
2023-05-13,34.2986
2023-05-14,33.2381
2023-05-15,36.5362
2023-05-16,35.3968
2023-05-17,34.8248
2023-05-18,36.1768
2023-05-19,33.3615
2023-05-20,30.6901
2023-05-21,29.8048
2023-05-22,34.0376
2023-05-23,32.5637
2023-05-24,32.2750
2023-05-25,31.2349
2023-05-26,27.5571
2023-05-27,24.1201
2023-05-28,25.2601
2023-05-29,28.4942
2023-05-30,29.9291
2023-05-31,28.4522
2023-06-01,26.9099
2023-06-02,23.7245
2023-06-03,23.8501
2023-06-04,23.8273
2023-06-05,25.3120
2023-06-06,28.9571
2023-06-07,28.0749
2023-06-08,27.9068
2023-06-09,28.6977
2023-06-10,31.8238
2023-06-11,32.9408
2023-06-12,35.4913
2023-06-13,31.4269
2023-06-14,32.9933
2023-06-15,38.3449
2023-06-16,42.6560
2023-06-17,34.9860
2023-06-18,34.1162
2023-06-19,36.2423
2023-06-20,36.6925
2023-06-21,42.0624
2023-06-22,41.8906
2023-06-23,36.6836
2023-06-24,32.3207
2023-06-25,35.7328
2023-06-26,36.4659
2023-06-27,36.2804
2023-06-28,36.4169
2023-06-29,37.7764
2023-06-30,36.1314
2023-07-01,37.0022
2023-07-02,36.2215
2023-07-03,40.0216
2023-07-04,37.2247
2023-07-05,36.7096
2023-07-06,37.1089
2023-07-07,34.9310
2023-07-08,33.0037
2023-07-09,31.3118
2023-07-10,37.2003
2023-07-11,34.9476
2023-07-12,33.2152
2023-07-13,31.1946
2023-07-14,28.7315
2023-07-15,26.9822
2023-07-16,26.7862
2023-07-17,28.7845
2023-07-18,28.9241
2023-07-19,29.4870
2023-07-20,29.9914
2023-07-21,30.6844
2023-07-22,31.2568
2023-07-23,29.4273
2023-07-24,31.6316
2023-07-25,33.2320
2023-07-26,33.8203
2023-07-27,31.7365
2023-07-28,29.3580
2023-07-29,26.4118
2023-07-30,25.8921
2023-07-31,26.3995
2023-08-01,28.8398
2023-08-02,30.1603
2023-08-03,30.5116
2023-08-04,32.6055
2023-08-05,29.1813
2023-08-06,29.0702
2023-08-07,30.0431
2023-08-08,28.8924
2023-08-09,28.7381
2023-08-10,36.2429
2023-08-11,34.4580
2023-08-12,29.2696
2023-08-13,28.9238
2023-08-14,29.4659
2023-08-15,28.3566
2023-08-16,34.1675
2023-08-17,34.5217
2023-08-18,33.7334
2023-08-19,29.6549
2023-08-20,34.6807
2023-08-21,43.7697
2023-08-22,39.4031
2023-08-23,43.6826
2023-08-24,41.0127
2023-08-25,34.3151
2023-08-26,38.5634
2023-08-27,39.1245
2023-08-28,39.7796
2023-08-29,41.2050
2023-08-30,40.1553
2023-08-31,36.9357
2023-09-01,33.2579
2023-09-02,31.3984
2023-09-03,31.1974
2023-09-04,33.6400
2023-09-05,32.1539
2023-09-06,34.1147
2023-09-07,34.7369
2023-09-08,34.5076
2023-09-09,34.5285
2023-09-10,33.8677
2023-09-11,37.2089
2023-09-12,40.6797
2023-09-13,39.6939
2023-09-14,39.5332
2023-09-15,38.4525
2023-09-16,36.7888
2023-09-17,37.8377
2023-09-18,39.3770
2023-09-19,36.9770
2023-09-20,37.5002
2023-09-21,39.0541
2023-09-22,39.1374
2023-09-23,39.4146
2023-09-24,38.1613
2023-09-25,40.5556
2023-09-26,42.9945
2023-09-27,40.5561
2023-09-28,38.9491
2023-09-29,40.2972
2023-09-30,32.8439
2023-10-01,34.4762
2023-10-02,40.3375
2023-10-03,36.0107
2023-10-04,32.6903
2023-10-05,34.5168
2023-10-06,31.3017
2023-10-07,32.6219
2023-10-08,37.8669
2023-10-09,36.0330
2023-10-10,41.5075
2023-10-11,45.8890
2023-10-12,47.8735
2023-10-13,48.7336
2023-10-14,50.8056
2023-10-15,48.5228
2023-10-16,52.9305
2023-10-17,49.3135
2023-10-18,46.3535
2023-10-19,47.0973
2023-10-20,44.2925
2023-10-21,45.2178
2023-10-22,44.5768
2023-10-23,47.9742
2023-10-24,48.1377
2023-10-25,48.3866
2023-10-26,48.4993
2023-10-27,47.7045
2023-10-28,45.2595
2023-10-29,45.5396
2023-10-30,47.0284
2023-10-31,46.7223
2023-11-01,38.5434
2023-11-02,35.9807
2023-11-03,38.5958
2023-11-04,38.9600
2023-11-05,38.5033
2023-11-06,42.3679
2023-11-07,42.1518
2023-11-08,43.7943
2023-11-09,43.7131
2023-11-10,42.5520
2023-11-11,39.0736
2023-11-12,39.9114
2023-11-13,43.5720
2023-11-14,43.0434
2023-11-15,43.8578
2023-11-16,44.8979
2023-11-17,43.4884
2023-11-18,42.0725
2023-11-19,41.7233
2023-11-20,42.1570
2023-11-21,44.0337
2023-11-22,44.2367
2023-11-23,44.1909
2023-11-24,44.5774
2023-11-25,44.9689
2023-11-26,45.0771
2023-11-27,48.5981
2023-11-28,44.9567
2023-11-29,43.8561
2023-11-30,42.7018
2023-12-01,41.6407
2023-12-02,41.6172
2023-12-03,43.5049
2023-12-04,46.0054
2023-12-05,43.2606
2023-12-06,40.9115
2023-12-07,39.9389
2023-12-08,37.4955
2023-12-09,37.4926
2023-12-10,39.1172
2023-12-11,40.1872
2023-12-12,37.6057
2023-12-13,36.4529
2023-12-14,36.7714
2023-12-15,35.0090
2023-12-16,31.4274
2023-12-17,32.6229
2023-12-18,34.6212
2023-12-19,36.3608
2023-12-20,34.9304
2023-12-21,35.0194
2023-12-22,33.4799
2023-12-23,32.3083
2023-12-24,31.7782
2023-12-25,31.9809
2023-12-26,32.1142
2023-12-27,33.3190
2023-12-28,34.5181
2023-12-29,31.7882
2023-12-30,31.5967
2023-12-31,31.3048
2024-01-01,31.1050
2024-01-02,31.4277
2024-01-03,30.1008
2024-01-04,31.6722
2024-01-05,32.6911
2024-01-06,33.8699
2024-01-07,33.0684
2024-01-08,35.1723
2024-01-09,32.9313
2024-01-10,33.1428
2024-01-11,33.4949
2024-01-12,32.4425
2024-01-13,32.6010
2024-01-14,33.3629
2024-01-15,33.5714
2024-01-16,31.6165
2024-01-17,31.4351
2024-01-18,28.6111
2024-01-19,29.0216
2024-01-20,29.3302
2024-01-21,30.2753
2024-01-22,31.4404
2024-01-23,29.3904
2024-01-24,29.3372
2024-01-25,29.4246
2024-01-26,28.7966
2024-01-27,28.1430
2024-01-28,28.4316
2024-01-29,30.4520
2024-01-30,30.3047
2024-01-31,30.1387
2024-02-01,31.3093
2024-02-02,30.7477
2024-02-03,30.1698
2024-02-04,29.8916
2024-02-05,30.2739
2024-02-06,29.8262
2024-02-07,30.1848
2024-02-08,29.2015
2024-02-09,28.4333
2024-02-10,28.4561
2024-02-11,28.3897
2024-02-12,28.4304
2024-02-13,27.5291
2024-02-14,27.0267
2024-02-15,26.5364
2024-02-16,26.6734
2024-02-17,26.0872
2024-02-18,25.7296
2024-02-19,25.9539
2024-02-20,25.6718
2024-02-21,25.9446
2024-02-22,25.9102
2024-02-23,25.5478
2024-02-24,25.0514
2024-02-25,25.6443
2024-02-26,26.2433
2024-02-27,26.3162
2024-02-28,26.7911
2024-02-29,28.0457
2024-03-01,27.4338
2024-03-02,27.3148
2024-03-03,28.1129
2024-03-04,28.8184
2024-03-05,28.9526
2024-03-06,30.2647
2024-03-07,29.6002
2024-03-08,28.7879
2024-03-09,28.5316
2024-03-10,29.3493
2024-03-11,29.8416
2024-03-12,28.0320
2024-03-13,27.4043
2024-03-14,27.8005
2024-03-15,28.2843
2024-03-16,29.0143
2024-03-17,29.0170
2024-03-18,29.8475
2024-03-19,30.7893
2024-03-20,30.7269
2024-03-21,29.5436
2024-03-22,27.7292
2024-03-23,28.1555
2024-03-24,27.1190
2024-03-25,28.6616
2024-03-26,30.4444
2024-03-27,29.6823
2024-03-28,29.9655
2024-03-29,30.3617
2024-03-30,30.3558
2024-03-31,31.2737
2024-04-01,32.3888
2024-04-02,31.9160
2024-04-03,28.6840
2024-04-04,27.8914
2024-04-05,28.0142
2024-04-06,27.2240
2024-04-07,26.3284
2024-04-08,27.0445
2024-04-09,27.7768
2024-04-10,28.6133
2024-04-11,28.4058
2024-04-12,30.0004
2024-04-13,29.5713
2024-04-14,28.7943
2024-04-15,31.6875
2024-04-16,32.1997
2024-04-17,34.9272
2024-04-18,34.8746
2024-04-19,34.4437
2024-04-20,33.3343
2024-04-21,33.3592
2024-04-22,34.7434
2024-04-23,33.8676
2024-04-24,33.3734
2024-04-25,31.8792
2024-04-26,33.1680
2024-04-27,31.6889
2024-04-28,31.2211
2024-04-29,31.9355
2024-04-30,29.6568
2024-05-01,29.7954
2024-05-02,29.9826
2024-05-03,31.4950
2024-05-04,31.7713
2024-05-05,31.4508
2024-05-06,32.4103
2024-05-07,33.6442
2024-05-08,33.0540
2024-05-09,31.5099
2024-05-10,31.4742
2024-05-11,30.4031
2024-05-12,30.2961
2024-05-13,31.0303
2024-05-14,30.8353
2024-05-15,31.4522
2024-05-16,31.8920
2024-05-17,31.6980
2024-05-18,31.8389
2024-05-19,32.4245
2024-05-20,33.7226
2024-05-21,34.5548
2024-05-22,34.5569
2024-05-23,35.7951
2024-05-24,37.4425
2024-05-25,35.7002
2024-05-26,34.7504
2024-05-27,36.7445
2024-05-28,37.7461
2024-05-29,36.6964
2024-05-30,36.3854
2024-05-31,36.5044
2024-06-01,35.9063
2024-06-02,34.8267
2024-06-03,36.5384
2024-06-04,38.8366
2024-06-05,36.9511
2024-06-06,35.7673
2024-06-07,35.1213
2024-06-08,33.9196
2024-06-09,33.3107
2024-06-10,35.5351
2024-06-11,35.8671
2024-06-12,36.6007
2024-06-13,36.9551
2024-06-14,37.8257
2024-06-15,36.5425
2024-06-16,36.1322
2024-06-17,37.4186
2024-06-18,36.8743
2024-06-19,36.8991
2024-06-20,37.5556
2024-06-21,37.4553
2024-06-22,35.8917
2024-06-23,36.2500
2024-06-24,38.0595
2024-06-25,36.7830
2024-06-26,37.3187
2024-06-27,37.2616
2024-06-28,36.8993
2024-06-29,35.8643
2024-06-30,35.9266
2024-07-01,36.8118
2024-07-02,36.3037
2024-07-03,35.4996
2024-07-04,34.7727
2024-07-05,35.0566
2024-07-06,34.5859
2024-07-07,33.7450
2024-07-08,35.3538
2024-07-09,35.2444
2024-07-10,34.3238
2024-07-11,34.2000
2024-07-12,34.3168
2024-07-13,34.5466
2024-07-14,35.2792
2024-07-15,36.2502
2024-07-16,34.7402
2024-07-17,36.1663
2024-07-18,35.9421
2024-07-19,35.6656
2024-07-20,35.3620
2024-07-21,33.8766
2024-07-22,35.7409
2024-07-23,35.0528
2024-07-24,34.8696
2024-07-25,35.6719
2024-07-26,34.9385
2024-07-27,35.4543
2024-07-28,35.1324
2024-07-29,36.2247
2024-07-30,36.7626
2024-07-31,37.1813
2024-08-01,38.6682
2024-08-02,39.5206
2024-08-03,39.1232
2024-08-04,40.4224
2024-08-05,40.1264
2024-08-06,38.3887
2024-08-07,39.5668
2024-08-08,40.7781
2024-08-09,42.2269
2024-08-10,42.8582
2024-08-11,43.5007
2024-08-12,43.5476
2024-08-13,42.7246
2024-08-14,41.1501
2024-08-15,40.5430
2024-08-16,40.9481
2024-08-17,40.5876
2024-08-18,40.4424
2024-08-19,42.2158
2024-08-20,41.4415
2024-08-21,40.7459
2024-08-22,39.5105
2024-08-23,38.5943
2024-08-24,37.7509
2024-08-25,39.2034
2024-08-26,40.8883
2024-08-27,40.6478
2024-08-28,42.0100
2024-08-29,42.6079
2024-08-30,42.2820
2024-08-31,42.1593
2024-09-01,41.5813
2024-09-02,43.3461
2024-09-03,43.0039
2024-09-04,42.0894
2024-09-05,40.8266
2024-09-06,39.8738
2024-09-07,40.2951
2024-09-08,39.2278
2024-09-09,40.1911
2024-09-10,40.1846
2024-09-11,38.9639
2024-09-12,38.1487
2024-09-13,37.2109
2024-09-14,36.3608
2024-09-15,35.9269
2024-09-16,38.4851
2024-09-17,36.9114
2024-09-18,38.2645
2024-09-19,37.8632
2024-09-20,37.2961
2024-09-21,35.5477
2024-09-22,36.4117
2024-09-23,38.3558
2024-09-24,38.2080
2024-09-25,38.2179
2024-09-26,38.8065
2024-09-27,38.8579
2024-09-28,38.8226
2024-09-29,38.7494
2024-09-30,41.0077
2024-10-01,41.1257
2024-10-02,40.7682
2024-10-03,41.0308
2024-10-04,40.6601
2024-10-05,40.9043
2024-10-06,40.5932
2024-10-07,42.9126
2024-10-08,41.0839
2024-10-09,39.4575
2024-10-10,38.0648
2024-10-11,38.7326
2024-10-12,38.6838
2024-10-13,36.4957
2024-10-14,40.0223
2024-10-15,40.4153
2024-10-16,40.5228
2024-10-17,41.2234
2024-10-18,40.9628
2024-10-19,39.0664
2024-10-20,39.5651
2024-10-21,40.5479
2024-10-22,41.3507
2024-10-23,41.7056
2024-10-24,42.2118
2024-10-25,42.9373
2024-10-26,42.1222
2024-10-27,42.6330
2024-10-28,44.0007
2024-10-29,43.3511
2024-10-30,43.8694
2024-10-31,42.1354
2024-11-01,39.0549
2024-11-02,38.1859
2024-11-03,37.7539
2024-11-04,37.8501
2024-11-05,40.0773
2024-11-06,41.3201
2024-11-07,40.5026
2024-11-08,41.2432
2024-11-09,42.4376
2024-11-10,42.9550
2024-11-11,43.6196
2024-11-12,45.0345
2024-11-13,46.1570
2024-11-14,46.2221
2024-11-15,47.6679
2024-11-16,47.3286
2024-11-17,46.4817
2024-11-18,47.6950
2024-11-19,48.1608
2024-11-20,47.6421
2024-11-21,48.1254
2024-11-22,50.0248
2024-11-23,49.2714
2024-11-24,48.8671
2024-11-25,49.2227
2024-11-26,50.2301
2024-11-27,49.6009
2024-11-28,48.5857
2024-11-29,48.0815
2024-11-30,47.6189
2024-12-01,47.6355
2024-12-02,50.3776
2024-12-03,51.2623
2024-12-04,51.8585
2024-12-05,51.0984
2024-12-06,50.5227
2024-12-07,48.9652
2024-12-08,50.0170
2024-12-09,51.7644
2024-12-10,50.6282
2024-12-11,50.4491
2024-12-12,50.0742
2024-12-13,48.0752
2024-12-14,44.5802
2024-12-15,42.4505
2024-12-16,45.1401
2024-12-17,43.3139
2024-12-18,44.3210
2024-12-19,43.7415
2024-12-20,43.7206
2024-12-21,44.3385
2024-12-22,44.9456
2024-12-23,45.9954
2024-12-24,46.3641
2024-12-25,47.2327
2024-12-26,47.4217
2024-12-27,47.7284
2024-12-28,49.1276
2024-12-29,49.2321
2024-12-30,50.9333
2024-12-31,49.7580
2025-01-01,49.0734
2025-01-02,50.5677
2025-01-03,50.5922
2025-01-04,50.6891
2025-01-05,49.9947
2025-01-06,50.6398
2025-01-07,49.0259
2025-01-08,48.3134
2025-01-09,47.8909
2025-01-10,45.9830
2025-01-11,45.5330
2025-01-12,47.1280
2025-01-13,49.8653
2025-01-14,52.1227
2025-01-15,52.2681
2025-01-16,51.8682
2025-01-17,49.6681
2025-01-18,49.1174
2025-01-19,49.4341
2025-01-20,51.8426
2025-01-21,51.7128
2025-01-22,52.4900
2025-01-23,51.3166
2025-01-24,50.4695
2025-01-25,49.3939
2025-01-26,48.8373
2025-01-27,49.1585
2025-01-28,48.6198
2025-01-29,49.2235
2025-01-30,51.1708
2025-01-31,52.6361
2025-02-01,53.1477
2025-02-02,52.9906
2025-02-03,54.7340
2025-02-04,54.6879
2025-02-05,53.0994
2025-02-06,54.2723
2025-02-07,56.4346
2025-02-08,56.0780
2025-02-09,55.6024
2025-02-10,57.8387
2025-02-11,60.5966
2025-02-12,61.1826
2025-02-13,59.1310
2025-02-14,54.7737
2025-02-15,51.9692
2025-02-16,51.8686
2025-02-17,55.3201
2025-02-18,55.0188
2025-02-19,53.7987
2025-02-20,53.9033
2025-02-21,51.9224
2025-02-22,48.4221
2025-02-23,46.5005
2025-02-24,48.8683
2025-02-25,49.3344
2025-02-26,47.9957
2025-02-27,44.2527
2025-02-28,45.8270
2025-03-01,46.6087
2025-03-02,45.4029
2025-03-03,47.4396
2025-03-04,47.6590
2025-03-05,44.8032
2025-03-06,43.0103
2025-03-07,39.8310
2025-03-08,39.3715
2025-03-09,40.2260
2025-03-10,40.8772
2025-03-11,41.9496
2025-03-12,42.9066
2025-03-13,42.7616
2025-03-14,42.5288
2025-03-15,42.3354
2025-03-16,42.6098
2025-03-17,43.2528
2025-03-18,42.4714
2025-03-19,42.3545
2025-03-20,44.2555
2025-03-21,44.0571
2025-03-22,43.9354
2025-03-23,43.3841
2025-03-24,43.8211
2025-03-25,43.3178
2025-03-26,42.9611
2025-03-27,41.7636
2025-03-28,41.6038
2025-03-29,41.3229
2025-03-30,40.4614
2025-03-31,41.7773
2025-04-01,42.4744
2025-04-02,43.0888
2025-04-03,42.8490
2025-04-04,40.6276
2025-04-05,36.9729
2025-04-06,34.2023
2025-04-07,39.1677
2025-04-08,39.9357
2025-04-09,40.4003
2025-04-10,38.7384
2025-04-11,37.9072
2025-04-12,35.9369
2025-04-13,37.2171
2025-04-14,39.5096
2025-04-15,39.4186
2025-04-16,39.7238
2025-04-17,39.4545
2025-04-18,39.5519
2025-04-19,37.1266
2025-04-20,36.9083
2025-04-21,36.7901
2025-04-22,38.0149
2025-04-23,36.9693
2025-04-24,35.9307
2025-04-25,33.7659
2025-04-26,33.9287
2025-04-27,33.3384
2025-04-28,34.8912
2025-04-29,34.0089
2025-04-30,33.1440
2025-05-01,32.8321
2025-05-02,33.2543
2025-05-03,32.9897
2025-05-04,33.0606
2025-05-05,36.1067
2025-05-06,36.5018
2025-05-07,38.1015
2025-05-08,38.2519
2025-05-09,38.5434
2025-05-10,38.0494
2025-05-11,38.0557
2025-05-12,39.0653
2025-05-13,39.3118
2025-05-14,39.1612
2025-05-15,38.3801
2025-05-16,37.5324
2025-05-17,37.8798
2025-05-18,37.3634
2025-05-19,38.8655
2025-05-20,38.7615
2025-05-21,40.2388
2025-05-22,40.7631
2025-05-23,39.4975
2025-05-24,38.8968
2025-05-25,38.8124
2025-05-26,40.0486
2025-05-27,40.2186
2025-05-28,40.1922
2025-05-29,39.3882
2025-05-30,38.2525
2025-05-31,36.6512
2025-06-01,34.8622
2025-06-02,34.9191
2025-06-03,37.2469
2025-06-04,38.2565
2025-06-05,39.0660
2025-06-06,39.0652
2025-06-07,38.1782
2025-06-08,37.4751
2025-06-09,38.8171
2025-06-10,38.7470
2025-06-11,38.2481
2025-06-12,38.7085
2025-06-13,39.4396
2025-06-14,39.9382
2025-06-15,39.9055
2025-06-16,41.2097
2025-06-17,42.2870
2025-06-18,42.2742
2025-06-19,42.8298
2025-06-20,43.6723
2025-06-21,42.6663
2025-06-22,42.3000
2025-06-23,44.9299
2025-06-24,44.0935
2025-06-25,39.5564
2025-06-26,39.2983
2025-06-27,37.6575
2025-06-28,36.0120
2025-06-29,34.9039
2025-06-30,37.3720
2025-07-01,37.0955
2025-07-02,37.6156
2025-07-03,38.5001
2025-07-04,37.8285
2025-07-05,37.0704
2025-07-06,36.7948
2025-07-07,36.8739
2025-07-08,36.3092
2025-07-09,36.5942
2025-07-10,36.6448
2025-07-11,36.8488
2025-07-12,35.6725
2025-07-13,36.4069
2025-07-14,39.2723
2025-07-15,39.1957
2025-07-16,38.0049
2025-07-17,37.8266
2025-07-18,37.9186
2025-07-19,37.3163
2025-07-20,36.8199
2025-07-21,38.6527
2025-07-22,37.6634
2025-07-23,37.4144
2025-07-24,37.3819
2025-07-25,36.0818
2025-07-26,34.5752
2025-07-27,33.6467
2025-07-28,34.6060
2025-07-29,34.6044
2025-07-30,36.4317
2025-07-31,37.1755
2025-08-01,38.1420
2025-08-02,36.4181
2025-08-03,34.7949
2025-08-04,35.5231
2025-08-05,35.8812
2025-08-06,35.8675
2025-08-07,36.0907
2025-08-08,35.6791
2025-08-09,35.0651
2025-08-10,33.4056
2025-08-11,34.6246
2025-08-12,35.8757
2025-08-13,35.7213
2025-08-14,35.7094
2025-08-15,34.1645
2025-08-16,34.9402
2025-08-17,33.2376
2025-08-18,34.3019
2025-08-19,34.7056
2025-08-20,34.7489
2025-08-21,35.2414
2025-08-22,36.0211
2025-08-23,36.5178
2025-08-24,36.3767
2025-08-25,37.1965
2025-08-26,37.1345
2025-08-27,37.3457
2025-08-28,37.9743
2025-08-29,37.0220
2025-08-30,35.2471
2025-08-31,34.0746
2025-09-01,34.7585
2025-09-02,34.7498
2025-09-03,35.2162
2025-09-04,35.7970
2025-09-05,36.1163
2025-09-06,35.1665
2025-09-07,35.3679
2025-09-08,37.0604
2025-09-09,37.8139
2025-09-10,37.8916
2025-09-11,37.2873
2025-09-12,34.8210
2025-09-13,33.0518
2025-09-14,33.3397
2025-09-15,34.1687
2025-09-16,33.6018
2025-09-17,34.7955
2025-09-18,35.1307
2025-09-19,35.1385
2025-09-20,34.0707
2025-09-21,33.4667
2025-09-22,35.2678
2025-09-23,34.8419
2025-09-24,34.9721
2025-09-25,33.8067
2025-09-26,34.1296
2025-09-27,33.6259
2025-09-28,33.0998
2025-09-29,33.8791
2025-09-30,33.7262
2025-10-01,32.6641
2025-10-02,31.9830
2025-10-03,31.0850
2025-10-04,30.9491
2025-10-05,30.2801
2025-10-06,31.6798
2025-10-07,32.9684
2025-10-08,34.0337
2025-10-09,34.0399
2025-10-10,32.9280
2025-10-11,31.0655
2025-10-12,30.3856
2025-10-13,32.5914
2025-10-14,33.8854
2025-10-15,34.6205
2025-10-16,34.3249
2025-10-17,33.5353
2025-10-18,32.2059
2025-10-19,32.6185
2025-10-20,35.3627
2025-10-21,35.2515
2025-10-22,35.0938
2025-10-23,34.0675
2025-10-24,33.1592
2025-10-25,32.1161
2025-10-26,30.3872
2025-10-27,32.6065
2025-10-28,32.3667
2025-10-29,34.1481
2025-10-30,34.7130
2025-10-31,34.1276
2025-11-01,30.3950
2025-11-02,30.8126
2025-11-03,31.1538
2025-11-04,31.6485
2025-11-05,32.7382
2025-11-06,32.5448
2025-11-07,32.3219
2025-11-08,32.2813
2025-11-09,32.3386
2025-11-10,32.5027
2025-11-11,31.9013
2025-11-12,31.9201
2025-11-13,32.1234
2025-11-14,31.4163
2025-11-15,31.7240
2025-11-16,31.7989
2025-11-17,32.4516
2025-11-18,32.9010
2025-11-19,33.6672
2025-11-20,33.4141
2025-11-21,34.9180
2025-11-22,34.1484
2025-11-23,31.9796
2025-11-24,33.0463
2025-11-25,33.0181
2025-11-26,34.0120
2025-11-27,34.6391
2025-11-28,34.1242
2025-11-29,33.3074
2025-11-30,31.9267
2025-12-01,33.8145
2025-12-02,33.4563
2025-12-03,33.2283
2025-12-04,32.9272
2025-12-05,31.9689
2025-12-06,29.8734
2025-12-07,29.1179
2025-12-08,29.7698
2025-12-09,30.9324
2025-12-10,31.2716
2025-12-11,30.7450
2025-12-12,30.9621
2025-12-13,29.7750
2025-12-14,29.8687
2025-12-15,32.5293
2025-12-16,31.5729
2025-12-17,30.7480
2025-12-18,30.7855
2025-12-19,30.4177
2025-12-20,29.9693
2025-12-21,30.0127
2025-12-22,30.5329
2025-12-23,29.9994
2025-12-24,29.7891
2025-12-25,29.3406
2025-12-26,29.2081
2025-12-27,30.2531
2025-12-28,29.6903
2025-12-29,30.3293
2025-12-30,31.2022
2025-12-31,30.5370
2026-01-01,29.6499
2026-01-02,29.3657
2026-01-03,29.6650
2026-01-04,31.0139
2026-01-05,32.7461
2026-01-06,31.4886
2026-01-07,34.7163
2026-01-08,36.8584
2026-01-09,36.0211
2026-01-10,33.0149
2026-01-11,31.9457
2026-01-12,35.3016
2026-01-13,36.8529
2026-01-14,37.1510
2026-01-15,35.8872
2026-01-16,36.2199
2026-01-17,39.7082
2026-01-18,39.1166
2026-01-19,43.6776
2026-01-20,42.5038
2026-01-21,43.4580
2026-01-22,44.3026
2026-01-23,44.8014
2026-01-24,41.6501
2026-01-25,41.9290
2026-01-26,45.0752
2026-01-27,45.6411
2026-01-28,43.1165
2026-01-29,40.4832
2026-01-30,41.6570
2026-01-31,40.3623
2026-02-01,40.5629
2026-02-02,44.6394
2026-02-03,40.7027
2026-02-04,40.6480
2026-02-05,40.1841
2026-02-06,37.0729
2026-02-07,34.6866
2026-02-08,35.6018
2026-02-09,38.3198
2026-02-10,35.9394
2026-02-11,33.9920
2026-02-12,33.1580
2026-02-13,33.1305
2026-02-14,32.7418
2026-02-15,33.0205
2026-02-16,37.5235
2026-02-17,33.7163
2026-02-18,34.0011
2026-02-19,33.6529
2026-02-20,34.0345
2026-02-21,32.6225
2026-02-22,31.8721
2026-02-23,31.0438
2026-02-24,32.6495
2026-02-25,32.3575
2026-02-26,31.9953
2026-02-27,31.9574
2026-02-28,32.3477
2026-03-01,35.4140
2026-03-02,39.7393
2026-03-03,43.5704
2026-03-04,55.2025
2026-03-05,48.4088
2026-03-06,49.1146
2026-03-07,50.4767
2026-03-08,51.6862
2026-03-09,56.8815
2026-03-10,59.0699
2026-03-11,47.8638
2026-03-12,49.7734
2026-03-13,50.8794
2026-03-14,50.3430
2026-03-15,52.5085
2026-03-16,52.7116
2026-03-17,51.9426
2026-03-18,53.3816
2026-03-19,54.9645
2026-03-20,62.9876
2026-03-21,60.6056
2026-03-22,59.6366
2026-03-23,61.0069
2026-03-24,58.0452
2026-03-25,54.7536
2026-03-26,54.3226
2026-03-27,57.8044
2026-03-28,56.4846
2026-03-29,53.8237
2026-03-30,54.6206
2026-03-31,57.2406
2026-04-01,58.0617
2026-04-02,53.6588
2026-04-03,53.3592
2026-04-04,49.3030
2026-04-05,48.0886
2026-04-06,48.2515
2026-04-07,50.4975
2026-04-08,51.7347
2026-04-09,46.3847
2026-04-10,46.2831
2026-04-11,44.0305
2026-04-12,44.4319
2026-04-13,52.3284
2026-04-14,51.6108
2026-04-15,46.9975
2026-04-16,43.4589
2026-04-17,42.9280
2026-04-18,40.2939
2026-04-19,39.4374
2026-04-20,41.4647
2026-04-21,41.8388
2026-04-22,43.8805
2026-04-23,44.3521
2026-04-24,44.4677
2026-04-25,44.7753
2026-04-26,45.6835
2026-04-27,45.9272
2026-04-28,44.9167
2026-04-29,44.6816
2026-04-30,46.3727
2026-05-01,45.6771
2026-05-02,45.0152
2026-05-03,43.2058
2026-05-04,45.5091
2026-05-05,47.3957
2026-05-06,48.7866
2026-05-07,44.5043
2026-05-08,43.4671
2026-05-09,43.1932
2026-05-10,42.5257
2026-05-11,44.7184
2026-05-12,45.9788
2026-05-13,47.7193
2026-05-14,47.5471
2026-05-15,48.5446
2026-05-16,49.8588
2026-05-17,49.8216
2026-05-18,50.8906
2026-05-19,51.3546
2026-05-20,52.6635
2026-05-21,50.5666
2026-05-22,49.4115
2026-05-23,46.9136
2026-05-24,47.9357
2026-05-25,47.6774
2026-05-26,46.8401
2026-05-27,47.5015
2026-05-28,46.6592
2026-05-29,47.3491
2026-05-30,47.0955
2026-05-31,46.4439
2026-06-01,48.0210
2026-06-02,49.2241
2026-06-03,50.3204
2026-06-04,51.6965
2026-06-05,51.1393
2026-06-06,50.4333
2026-06-07,50.4839
2026-06-08,51.3236
2026-06-09,52.2809
2026-06-10,51.3571
2026-06-11,51.9385
2026-06-12,50.4892
2026-06-13,48.0920
2026-06-14,45.3006
2026-06-15,44.8342
2026-06-16,45.3103
2026-06-17,44.6501
2026-06-18,44.4717
2026-06-19,43.7646
2026-06-20,44.0748
2026-06-21,44.6554
2026-06-22,46.5841
2026-06-23,45.3994
